1,Administration & Operations,999,1
2,Supply & Sourcing,999,6
3,Product Research & Innovation,999,25
4,Legal & Business Conduct,999,30
5,Consumer Relations & Support,999,33
6,"Accounting, Finance & Treasury",999,15
7,Marketing,999,19
8,Human Resources,999,3
9,"IT, Security & Data Management",999,10
10,Sales & Merchandising,999,22
11,Scottsdale Bakery,101,48
12,Phoenix Bakery,202,48
13,Tempe Bakery,303,48
14,Chandler Bakery,404,48
15,Mesa Bakery,505,48
16,Paradise Valley Bakery,606,48
17,Glendale Bakery,707,48
18,Henderson Bakery,808,48
19,Scottsdale Produce,101,45
20,Phoenix Produce,202,45
21,Tempe Produce,303,45
22,Chandler Produce,404,45
23,Mesa Produce,505,45
24,Paradise Valley Produce,606,45
25,Glendale Produce,707,45
26,Henderson Produce,808,45
27,Scottsdale Stocking,101,44
28,Phoenix Stocking,202,44
29,Tempe Stocking,303,44
30,Chandler Stocking,404,44
31,Mesa Stocking,505,44
32,Paradise Valley Stocking,606,44
33,Glendale Stocking,707,44
34,Henderson Stocking,808,44
35,Scottsdale Butcher,101,43
36,Phoenix Butcher,202,43
37,Tempe Butcher,303,43
38,Chandler Butcher,404,43
39,Mesa Butcher,505,43
40,Paradise Valley Butcher,606,43
41,Glendale Butcher,707,43
42,Henderson Butcher,808,43
43,Scottsdale Deli,101,46
44,Phoenix Deli,202,46
45,Tempe Deli,303,46
46,Chandler Deli,404,46
47,Mesa Deli,505,46
48,Paradise Valley Deli,606,46
49,Glendale Deli,707,46
50,Henderson Deli,808,46
51,Scottsdale Restaurant,101,41
52,Phoenix Restaurant,202,41
53,Tempe Restaurant,303,41
54,Chandler Restaurant,404,41
55,Mesa Restaurant,505,41
56,Paradise Valley Restaurant,606,41
57,Glendale Restaurant,707,41
58,Henderson Restaurant,808,41
59,Scottsdale Store,101,38
60,Phoenix Store,202,38
61,Tempe Store,303,38
62,Chandler Store,404,38
63,Mesa Store,505,38
64,Paradise Valley Store,606,38
65,Glendale Store,707,38
66,Henderson Store,808,38
67,Scottsdale Custodial,101,47
68,Phoenix Custodial,202,47
69,Tempe Custodial,303,47
70,Chandler Custodial,404,47
71,Mesa Custodial,505,47
72,Paradise Valley Custodial,606,47
73,Glendale Custodial,707,47
74,Henderson Custodial,808,47